<?xml version="1.0" encoding="utf-8"?>
<application xmlns="http://ns.adobe.com/air/application/2.0">
    <id>com.blackhammer.googooeyes</id>
    <version>1.000.103</version>
    <filename>GooGooEyes</filename>
    <description></description>
    <!-- To localize the description, use the following format for the description element.
	<description>
		<text xml:lang="en">English App description goes here</text>
		<text xml:lang="fr">French App description goes here</text>
		<text xml:lang="ja">Japanese App description goes here</text>
	</description>
	-->
    <name>GooGooEyes</name>
    <!-- To localize the name, use the following format for the name element.
	<name>
		<text xml:lang="en">English App name goes here</text>
		<text xml:lang="fr">French App name goes here</text>
		<text xml:lang="ja">Japanese App name goes here</text>
	</name>
	-->
    <copyright></copyright>
    <initialWindow>
        <content>GooGooEyes.swf</content>
        <systemChrome>standard</systemChrome>
        <transparent>false</transparent>
        <visible>true</visible>
        <fullScreen>true</fullScreen>
        <autoOrients>false</autoOrients>
        <aspectRatio>portrait</aspectRatio>
        <renderMode>gpu</renderMode>
    </initialWindow>
    <customUpdateUI>false</customUpdateUI>
    <allowBrowserInvocation>false</allowBrowserInvocation>
    <icon>
        <image29x29>AppIconsForPublish/icon_29.png</image29x29>
        <image57x57>AppIconsForPublish/icon_57.png</image57x57>
        <image512x512>AppIconsForPublish/icon_512.png</image512x512>
        <image48x48>AppIconsForPublish/icon_48.png</image48x48>
        <image72x72>AppIconsForPublish/icon_72.png</image72x72>
    </icon>
    <iPhone>
        <InfoAdditions><![CDATA[<key>UIDeviceFamily</key><array><string>1</string></array>]]></InfoAdditions>
    </iPhone>
</application>